{
	"server":
	{
		"hostname": "localhost",
		"unsecureLogin": false,
		"maxLogins": 100,
		"ipc":
		{
			"binding": "unix:///tmp/fuchsschwanz.sock"
		},
		"bridges":
		[
			{"loginid": "webuser", "address": "::1"}
		]
	},
	"bindings":
	[
		"tcp://localhost",
		"tcps://localhost?cert=./runtime/selfsigned.cert&key=./runtime/selfsigned.key"
	],
	"logging":
	{
		"verbosity": 4
	},
	"database":
	{
		"filename": "runtime/icbd.db",
		"cleanupInterval": 3600
	},
	"mbox":
	{
		"limit": 25
	},
	"timeouts":
	{
		"connection": 120.0,
		"ping": 45.0,
		"awayMessage": 30.0,
		"mboxFullMessage": 30.0,
		"idleBoot": 60.0,
		"idleMod": 480.0,
		"timeBetweenMessages": 0.5,
		"confirmationRequest": 60.0,
		"confirmationCode": 1800.0,
		"passwordResetRequest": 60.0,
		"passwordResetCode": 1800.0
	},
	"mail":
	{
		"ttl": 600,
		"maxErrors": 3,
		"interval": 60,
		"retryTimeout": 120,
		"cleanupInterval": 3600
	},
	"avatar":
	{
		"directory": "runtime/avatars",
		"maxFileSize": 2097152,
		"maxHeight": 2048,
		"maxWidth": 2048,
		"thumbnailWidth": 320,
		"thumbnailHeight": 320,
		"ascii_width": 64,
		"ascii_height": 40,
		"interval": 900,
		"reloadTimeout": 86400,
		"retryTimeout": 1800,
		"maxErrors": 5,
		"errorTimeout": 172800,
		"cleanupInterval": 3600
	},
	"smtp":
	{
		"hostname": "127.0.0.1",
		"port": 25,
		"sslEnabled": false,
		"startTLS": false,
		"sender": "ICB Service",
		"username": "foxmulder",
		"password": "trustno1"
	}
}
